dataset,method,epoch,train_acc1,train_acc5,train_loss,test_acc1,test_acc5,test_loss,lr
DVSGesture,TESS,1,49.703,94.472,8.02,73.106,99.242,4.3,0.001
DVSGesture,TESS,2,77.086,99.122,4.808,91.667,100.0,2.23,0.001
DVSGesture,TESS,3,89.563,99.613,2.885,90.152,99.242,2.917,0.001
DVSGesture,TESS,4,90.623,99.742,2.522,94.697,100.0,1.457,0.001
DVSGesture,TESS,5,93.464,99.819,1.846,93.939,98.485,1.954,0.001
DVSGesture,TESS,6,94.446,99.897,1.477,94.697,100.0,1.685,0.001
DVSGesture,TESS,7,96.409,99.948,1.027,96.212,99.621,1.679,0.001
DVSGesture,TESS,8,95.944,99.948,1.197,97.348,99.621,0.954,0.001
DVSGesture,TESS,9,96.668,99.948,0.865,95.833,99.242,1.815,0.001
DVSGesture,TESS,10,97.417,99.948,0.677,97.348,100.0,0.786,0.001
DVSGesture,TESS,11,97.856,100.0,0.62,97.348,100.0,0.66,0.001
DVSGesture,TESS,12,98.14,100.0,0.503,96.212,100.0,1.249,0.001
DVSGesture,TESS,13,98.063,100.0,0.556,96.212,100.0,1.015,0.001
DVSGesture,TESS,14,98.76,100.0,0.453,96.97,100.0,1.206,0.001
DVSGesture,TESS,15,98.45,100.0,0.444,96.97,100.0,1.744,0.001
DVSGesture,TESS,16,98.243,99.974,0.56,98.106,100.0,1.106,0.001
DVSGesture,TESS,17,98.812,100.0,0.397,95.455,100.0,0.775,0.0005
DVSGesture,TESS,18,99.328,100.0,0.221,96.591,100.0,1.581,0.0005
DVSGesture,TESS,19,99.535,100.0,0.172,97.727,100.0,1.067,0.0005
DVSGesture,TESS,20,99.535,100.0,0.141,98.106,100.0,1.173,0.0005
DVSGesture,TESS,21,99.638,100.0,0.148,97.727,100.0,0.72,0.0005
DVSGesture,TESS,22,99.69,100.0,0.114,98.485,100.0,1.022,0.0005
DVSGesture,TESS,23,99.535,100.0,0.151,98.106,100.0,1.077,0.00025
DVSGesture,TESS,24,99.768,100.0,0.14,98.106,100.0,1.068,0.00025
DVSGesture,TESS,25,99.768,100.0,0.08,97.727,100.0,1.428,0.00025
DVSGesture,TESS,26,99.845,100.0,0.055,98.485,100.0,0.969,0.00025
DVSGesture,TESS,27,99.871,100.0,0.054,98.106,100.0,0.989,0.00025
DVSGesture,TESS,28,99.819,100.0,0.061,98.864,100.0,1.088,0.00025
DVSGesture,TESS,29,99.845,100.0,0.057,98.106,100.0,1.419,0.000125
DVSGesture,TESS,30,99.871,100.0,0.099,98.106,100.0,1.251,0.000125
DVSGesture,TESS,31,99.871,100.0,0.049,97.348,100.0,1.618,0.000125
DVSGesture,TESS,32,99.897,100.0,0.069,98.106,100.0,1.359,0.000125
DVSGesture,TESS,33,99.897,100.0,0.054,98.485,100.0,1.155,0.000125
DVSGesture,TESS,34,99.897,100.0,0.045,97.348,100.0,1.309,0.000125
DVSGesture,TESS,35,99.871,100.0,0.054,98.106,100.0,1.109,6.25e-05
DVSGesture,TESS,36,99.897,100.0,0.027,98.864,100.0,1.06,6.25e-05
DVSGesture,TESS,37,99.871,100.0,0.044,97.727,100.0,1.723,6.25e-05
DVSGesture,TESS,38,99.871,100.0,0.034,98.485,100.0,1.131,6.25e-05
DVSGesture,TESS,39,99.897,100.0,0.031,97.727,100.0,1.15,6.25e-05
DVSGesture,TESS,40,99.897,100.0,0.04,98.106,100.0,1.399,6.25e-05
DVSGesture,TESS,41,99.897,100.0,0.029,97.348,100.0,1.379,3.125e-05
DVSGesture,TESS,42,99.897,100.0,0.038,97.727,100.0,1.077,3.125e-05
DVSGesture,TESS,43,99.897,100.0,0.023,97.727,100.0,1.185,3.125e-05
DVSGesture,TESS,44,99.897,100.0,0.02,97.727,100.0,1.127,3.125e-05
DVSGesture,TESS,45,99.923,100.0,0.014,98.106,100.0,1.061,3.125e-05
DVSGesture,TESS,46,99.897,100.0,0.02,98.106,100.0,1.249,3.125e-05
DVSGesture,TESS,47,99.923,100.0,0.013,97.727,100.0,1.342,1.5625e-05
DVSGesture,TESS,48,99.923,100.0,0.018,98.106,100.0,1.401,1.5625e-05
DVSGesture,TESS,49,99.897,100.0,0.023,97.727,100.0,1.201,1.5625e-05
DVSGesture,TESS,50,99.897,100.0,0.024,98.485,100.0,1.165,1.5625e-05
DVSGesture,TESS,51,99.897,100.0,0.018,97.727,100.0,1.272,1.5625e-05
DVSGesture,TESS,52,99.923,100.0,0.018,98.106,100.0,1.154,1.5625e-05
DVSGesture,TESS,53,99.897,100.0,0.023,98.106,100.0,1.139,7.8125e-06
DVSGesture,TESS,54,99.897,100.0,0.026,98.485,100.0,1.175,7.8125e-06
DVSGesture,TESS,55,99.897,100.0,0.01,98.106,100.0,1.276,7.8125e-06
DVSGesture,TESS,56,99.897,100.0,0.022,97.727,100.0,1.261,7.8125e-06
DVSGesture,TESS,57,99.923,100.0,0.017,98.106,100.0,1.233,7.8125e-06
DVSGesture,TESS,58,99.897,100.0,0.021,97.727,100.0,1.349,7.8125e-06
DVSGesture,TESS,59,99.923,100.0,0.017,97.727,100.0,1.308,3.90625e-06
DVSGesture,TESS,60,99.923,100.0,0.01,98.106,100.0,1.279,3.90625e-06
DVSGesture,TESS,61,99.897,100.0,0.019,98.106,100.0,1.284,3.90625e-06
DVSGesture,TESS,62,99.897,100.0,0.012,97.727,100.0,1.247,3.90625e-06
DVSGesture,TESS,63,99.948,100.0,0.006,97.727,100.0,1.31,3.90625e-06
DVSGesture,TESS,64,99.923,100.0,0.023,97.727,100.0,1.249,3.90625e-06
DVSGesture,TESS,65,99.871,100.0,0.023,97.727,100.0,1.202,1.953125e-06
DVSGesture,TESS,66,99.897,100.0,0.018,97.727,100.0,1.271,1.953125e-06
DVSGesture,TESS,67,99.923,100.0,0.005,97.727,100.0,1.288,1.953125e-06
DVSGesture,TESS,68,99.897,100.0,0.02,97.727,100.0,1.338,1.953125e-06
DVSGesture,TESS,69,99.897,100.0,0.013,97.727,100.0,1.292,1.953125e-06
DVSGesture,TESS,70,99.871,100.0,0.02,97.727,100.0,1.337,1.953125e-06
DVSGesture,TESS,71,99.897,100.0,0.014,97.727,100.0,1.247,9.765625e-07
DVSGesture,TESS,72,99.897,100.0,0.029,97.727,100.0,1.248,9.765625e-07
DVSGesture,TESS,73,99.871,100.0,0.023,97.727,100.0,1.212,9.765625e-07
DVSGesture,TESS,74,99.923,100.0,0.02,97.727,100.0,1.197,9.765625e-07
DVSGesture,TESS,75,99.923,100.0,0.015,98.106,100.0,1.151,9.765625e-07
DVSGesture,TESS,76,99.923,100.0,0.018,97.727,100.0,1.191,9.765625e-07
DVSGesture,TESS,77,99.897,100.0,0.014,97.727,100.0,1.247,4.8828125e-07
DVSGesture,TESS,78,99.923,100.0,0.016,97.727,100.0,1.176,4.8828125e-07
DVSGesture,TESS,79,99.897,100.0,0.011,97.727,100.0,1.188,4.8828125e-07
DVSGesture,TESS,80,99.948,100.0,0.017,97.727,100.0,1.246,4.8828125e-07
DVSGesture,TESS,81,99.923,100.0,0.02,97.727,100.0,1.241,4.8828125e-07
DVSGesture,TESS,82,99.923,100.0,0.006,98.106,100.0,1.201,4.8828125e-07
DVSGesture,TESS,83,99.923,100.0,0.022,97.727,100.0,1.205,2.44140625e-07
DVSGesture,TESS,84,99.923,100.0,0.005,97.727,100.0,1.265,2.44140625e-07
DVSGesture,TESS,85,99.897,100.0,0.011,97.727,100.0,1.223,2.44140625e-07
DVSGesture,TESS,86,99.923,100.0,0.012,97.727,100.0,1.259,2.44140625e-07
DVSGesture,TESS,87,99.897,100.0,0.016,97.727,100.0,1.272,2.44140625e-07
DVSGesture,TESS,88,99.948,100.0,0.011,97.727,100.0,1.204,2.44140625e-07
DVSGesture,TESS,89,99.923,100.0,0.019,97.727,100.0,1.24,1.220703125e-07
DVSGesture,TESS,90,99.923,100.0,0.024,97.727,100.0,1.276,1.220703125e-07
DVSGesture,TESS,91,99.871,100.0,0.024,97.727,100.0,1.239,1.220703125e-07
DVSGesture,TESS,92,99.923,100.0,0.01,97.727,100.0,1.261,1.220703125e-07
DVSGesture,TESS,93,99.897,100.0,0.026,97.727,100.0,1.256,1.220703125e-07
DVSGesture,TESS,94,99.948,100.0,0.016,97.727,100.0,1.2,1.220703125e-07
DVSGesture,TESS,95,99.923,100.0,0.023,97.727,100.0,1.232,6.103515625e-08
DVSGesture,TESS,96,99.974,100.0,0.005,97.727,100.0,1.218,6.103515625e-08
DVSGesture,TESS,97,99.897,100.0,0.008,97.727,100.0,1.2,6.103515625e-08
DVSGesture,TESS,98,99.923,100.0,0.014,97.727,100.0,1.224,6.103515625e-08
DVSGesture,TESS,99,99.974,100.0,0.005,97.727,100.0,1.198,6.103515625e-08
DVSGesture,TESS,100,99.948,100.0,0.012,98.106,100.0,1.199,6.103515625e-08
DVSGesture,TESS,101,99.923,100.0,0.015,97.727,100.0,1.212,3.0517578125e-08
DVSGesture,TESS,102,99.923,100.0,0.007,98.106,100.0,1.209,3.0517578125e-08
DVSGesture,TESS,103,99.948,100.0,0.01,97.727,100.0,1.241,3.0517578125e-08
DVSGesture,TESS,104,99.974,100.0,0.004,97.727,100.0,1.218,3.0517578125e-08
DVSGesture,TESS,105,99.923,100.0,0.011,97.727,100.0,1.246,3.0517578125e-08
DVSGesture,TESS,106,99.897,100.0,0.012,97.727,100.0,1.252,3.0517578125e-08
DVSGesture,TESS,107,99.923,100.0,0.009,97.727,100.0,1.254,1.52587890625e-08
DVSGesture,TESS,108,99.923,100.0,0.009,97.727,100.0,1.254,1.52587890625e-08
DVSGesture,TESS,109,99.923,100.0,0.011,97.727,100.0,1.238,1.52587890625e-08
DVSGesture,TESS,110,99.923,100.0,0.023,97.727,100.0,1.235,1.52587890625e-08
DVSGesture,TESS,111,99.897,100.0,0.015,97.727,100.0,1.222,1.52587890625e-08
DVSGesture,TESS,112,99.897,100.0,0.019,97.727,100.0,1.224,1.52587890625e-08
DVSGesture,TESS,113,99.897,100.0,0.021,97.727,100.0,1.221,1.52587890625e-08
DVSGesture,TESS,114,99.923,100.0,0.013,97.727,100.0,1.225,1.52587890625e-08
DVSGesture,TESS,115,99.897,100.0,0.016,97.727,100.0,1.229,1.52587890625e-08
DVSGesture,TESS,116,99.897,100.0,0.026,97.727,100.0,1.244,1.52587890625e-08
DVSGesture,TESS,117,99.897,100.0,0.016,97.727,100.0,1.252,1.52587890625e-08
DVSGesture,TESS,118,99.897,100.0,0.014,97.727,100.0,1.24,1.52587890625e-08
DVSGesture,TESS,119,99.923,100.0,0.004,97.727,100.0,1.238,1.52587890625e-08
DVSGesture,TESS,120,99.948,100.0,0.006,97.727,100.0,1.243,1.52587890625e-08
DVSGesture,TESS,121,99.897,100.0,0.008,97.727,100.0,1.243,1.52587890625e-08
DVSGesture,TESS,122,99.897,100.0,0.012,97.727,100.0,1.233,1.52587890625e-08
DVSGesture,TESS,123,99.923,100.0,0.011,97.727,100.0,1.248,1.52587890625e-08
DVSGesture,TESS,124,99.923,100.0,0.02,97.727,100.0,1.238,1.52587890625e-08
DVSGesture,TESS,125,99.923,100.0,0.018,97.727,100.0,1.231,1.52587890625e-08
DVSGesture,TESS,126,99.897,100.0,0.02,97.727,100.0,1.211,1.52587890625e-08
DVSGesture,TESS,127,99.923,100.0,0.014,97.727,100.0,1.224,1.52587890625e-08
DVSGesture,TESS,128,99.923,100.0,0.011,97.727,100.0,1.23,1.52587890625e-08
DVSGesture,TESS,129,99.897,100.0,0.008,97.727,100.0,1.236,1.52587890625e-08
DVSGesture,TESS,130,99.923,100.0,0.016,97.727,100.0,1.261,1.52587890625e-08
DVSGesture,TESS,131,99.897,100.0,0.027,97.727,100.0,1.229,1.52587890625e-08
DVSGesture,TESS,132,99.923,100.0,0.008,97.727,100.0,1.243,1.52587890625e-08
DVSGesture,TESS,133,99.897,100.0,0.002,97.727,100.0,1.227,1.52587890625e-08
DVSGesture,TESS,134,99.948,100.0,0.005,97.727,100.0,1.225,1.52587890625e-08
DVSGesture,TESS,135,99.923,100.0,0.013,97.727,100.0,1.224,1.52587890625e-08
DVSGesture,TESS,136,99.871,100.0,0.037,97.727,100.0,1.231,1.52587890625e-08
DVSGesture,TESS,137,99.897,100.0,0.019,97.727,100.0,1.242,1.52587890625e-08
DVSGesture,TESS,138,99.871,100.0,0.02,97.727,100.0,1.251,1.52587890625e-08
DVSGesture,TESS,139,99.897,100.0,0.014,97.727,100.0,1.234,1.52587890625e-08
DVSGesture,TESS,140,99.897,100.0,0.023,97.727,100.0,1.234,1.52587890625e-08
DVSGesture,TESS,141,99.948,100.0,0.005,97.727,100.0,1.248,1.52587890625e-08
DVSGesture,TESS,142,99.923,100.0,0.009,97.727,100.0,1.257,1.52587890625e-08
DVSGesture,TESS,143,99.897,100.0,0.011,97.727,100.0,1.252,1.52587890625e-08
DVSGesture,TESS,144,99.897,100.0,0.009,98.106,100.0,1.233,1.52587890625e-08
DVSGesture,TESS,145,99.948,100.0,0.009,97.727,100.0,1.245,1.52587890625e-08
DVSGesture,TESS,146,99.897,100.0,0.014,97.727,100.0,1.228,1.52587890625e-08
DVSGesture,TESS,147,99.871,100.0,0.023,97.727,100.0,1.21,1.52587890625e-08
DVSGesture,TESS,148,99.897,100.0,0.024,97.727,100.0,1.229,1.52587890625e-08
DVSGesture,TESS,149,99.923,100.0,0.007,97.727,100.0,1.208,1.52587890625e-08
DVSGesture,TESS,150,99.923,100.0,0.012,97.727,100.0,1.227,1.52587890625e-08
DVSGesture,TESS,151,99.948,100.0,0.014,97.727,100.0,1.238,1.52587890625e-08
DVSGesture,TESS,152,99.923,100.0,0.005,97.727,100.0,1.23,1.52587890625e-08
DVSGesture,TESS,153,99.897,100.0,0.024,98.106,100.0,1.234,1.52587890625e-08
DVSGesture,TESS,154,99.923,100.0,0.009,97.727,100.0,1.241,1.52587890625e-08
DVSGesture,TESS,155,99.948,100.0,0.005,97.727,100.0,1.263,1.52587890625e-08
DVSGesture,TESS,156,99.897,100.0,0.015,97.727,100.0,1.262,1.52587890625e-08
DVSGesture,TESS,157,99.948,100.0,0.013,98.106,100.0,1.242,1.52587890625e-08
DVSGesture,TESS,158,99.923,100.0,0.015,97.727,100.0,1.221,1.52587890625e-08
DVSGesture,TESS,159,99.897,100.0,0.014,97.727,100.0,1.231,1.52587890625e-08
DVSGesture,TESS,160,99.897,100.0,0.021,97.727,100.0,1.223,1.52587890625e-08
DVSGesture,TESS,161,99.923,100.0,0.019,97.727,100.0,1.231,1.52587890625e-08
DVSGesture,TESS,162,99.923,100.0,0.02,97.727,100.0,1.228,1.52587890625e-08
DVSGesture,TESS,163,99.923,100.0,0.01,97.727,100.0,1.225,1.52587890625e-08
DVSGesture,TESS,164,99.871,100.0,0.017,97.727,100.0,1.213,1.52587890625e-08
DVSGesture,TESS,165,99.897,100.0,0.012,97.727,100.0,1.218,1.52587890625e-08
DVSGesture,TESS,166,99.923,100.0,0.012,97.727,100.0,1.225,1.52587890625e-08
DVSGesture,TESS,167,99.897,100.0,0.021,98.106,100.0,1.234,1.52587890625e-08
DVSGesture,TESS,168,99.897,100.0,0.024,97.727,100.0,1.239,1.52587890625e-08
DVSGesture,TESS,169,99.923,100.0,0.008,97.727,100.0,1.237,1.52587890625e-08
DVSGesture,TESS,170,99.897,100.0,0.028,97.727,100.0,1.23,1.52587890625e-08
DVSGesture,TESS,171,99.897,100.0,0.01,97.727,100.0,1.216,1.52587890625e-08
DVSGesture,TESS,172,99.923,100.0,0.013,97.727,100.0,1.237,1.52587890625e-08
DVSGesture,TESS,173,99.897,100.0,0.022,97.727,100.0,1.239,1.52587890625e-08
DVSGesture,TESS,174,99.923,100.0,0.018,97.727,100.0,1.235,1.52587890625e-08
DVSGesture,TESS,175,99.897,100.0,0.014,97.727,100.0,1.254,1.52587890625e-08
DVSGesture,TESS,176,99.897,100.0,0.016,97.727,100.0,1.246,1.52587890625e-08
DVSGesture,TESS,177,99.923,100.0,0.006,97.727,100.0,1.259,1.52587890625e-08
DVSGesture,TESS,178,99.923,100.0,0.016,97.727,100.0,1.231,1.52587890625e-08
DVSGesture,TESS,179,99.948,100.0,0.004,97.727,100.0,1.246,1.52587890625e-08
DVSGesture,TESS,180,99.897,100.0,0.021,97.727,100.0,1.232,1.52587890625e-08
DVSGesture,TESS,181,99.923,100.0,0.016,97.727,100.0,1.212,1.52587890625e-08
DVSGesture,TESS,182,99.897,100.0,0.012,97.727,100.0,1.248,1.52587890625e-08
DVSGesture,TESS,183,99.897,100.0,0.01,97.727,100.0,1.231,1.52587890625e-08
DVSGesture,TESS,184,99.948,100.0,0.014,97.727,100.0,1.211,1.52587890625e-08
DVSGesture,TESS,185,99.923,100.0,0.01,97.727,100.0,1.229,1.52587890625e-08
DVSGesture,TESS,186,99.923,100.0,0.009,97.727,100.0,1.252,1.52587890625e-08
DVSGesture,TESS,187,99.897,100.0,0.022,97.727,100.0,1.237,1.52587890625e-08
DVSGesture,TESS,188,99.871,100.0,0.03,97.727,100.0,1.229,1.52587890625e-08
DVSGesture,TESS,189,99.923,100.0,0.008,97.727,100.0,1.238,1.52587890625e-08
DVSGesture,TESS,190,99.948,100.0,0.007,97.727,100.0,1.231,1.52587890625e-08
DVSGesture,TESS,191,99.948,100.0,0.007,97.727,100.0,1.246,1.52587890625e-08
DVSGesture,TESS,192,99.897,100.0,0.012,97.727,100.0,1.241,1.52587890625e-08
DVSGesture,TESS,193,99.897,100.0,0.035,97.727,100.0,1.241,1.52587890625e-08
DVSGesture,TESS,194,99.923,100.0,0.017,97.727,100.0,1.24,1.52587890625e-08
DVSGesture,TESS,195,99.897,100.0,0.016,97.727,100.0,1.255,1.52587890625e-08
DVSGesture,TESS,196,99.923,100.0,0.023,97.727,100.0,1.254,1.52587890625e-08
DVSGesture,TESS,197,99.897,100.0,0.019,97.727,100.0,1.256,1.52587890625e-08
DVSGesture,TESS,198,99.948,100.0,0.004,97.727,100.0,1.242,1.52587890625e-08
DVSGesture,TESS,199,99.923,100.0,0.008,97.727,100.0,1.254,1.52587890625e-08
DVSGesture,TESS,200,99.948,100.0,0.011,97.727,100.0,1.245,1.52587890625e-08
