dataset,alpha_post,epoch,train_acc1,train_acc5,train_loss,test_acc1,test_acc5,test_loss,lr
CIFAR10DVS,1,1,25.189,77.844,6.105,32.6,85.2,5.593,0.001
CIFAR10DVS,1,2,35.311,85.633,6.093,39.3,88.8,5.699,0.001
CIFAR10DVS,1,3,40.122,88.756,5.948,44.7,88.7,6.387,0.001
CIFAR10DVS,1,4,44.622,90.344,5.747,46.3,92.1,5.625,0.001
CIFAR10DVS,1,5,47.7,91.656,5.686,51.3,92.7,5.218,0.001
CIFAR10DVS,1,6,52.222,93.167,5.391,49.1,91.5,5.681,0.001
CIFAR10DVS,1,7,54.678,93.933,5.203,51.0,92.5,6.452,0.001
CIFAR10DVS,1,8,57.689,94.944,4.893,56.4,94.5,4.85,0.001
CIFAR10DVS,1,9,59.333,95.633,4.65,56.9,95.4,5.147,0.001
CIFAR10DVS,1,10,62.678,96.267,4.381,60.3,95.7,5.11,0.001
CIFAR10DVS,1,11,64.722,96.311,4.238,60.0,95.5,5.678,0.001
CIFAR10DVS,1,12,66.644,97.167,4.024,60.4,95.4,5.989,0.001
CIFAR10DVS,1,13,68.922,97.6,3.694,60.1,95.9,6.04,0.001
CIFAR10DVS,1,14,69.933,97.833,3.668,65.9,96.5,5.276,0.0005
CIFAR10DVS,1,15,75.389,98.544,2.753,67.9,97.3,4.908,0.0005
CIFAR10DVS,1,16,77.867,98.844,2.565,68.2,97.1,5.09,0.0005
CIFAR10DVS,1,17,79.6,99.311,2.297,69.1,96.9,5.135,0.0005
CIFAR10DVS,1,18,80.767,99.189,2.241,69.2,97.2,5.247,0.0005
CIFAR10DVS,1,19,82.756,99.433,1.921,69.9,97.1,5.443,0.0005
CIFAR10DVS,1,20,83.222,99.556,1.876,70.4,97.7,5.213,0.00025
CIFAR10DVS,1,21,88.133,99.744,1.194,71.0,97.9,5.547,0.00025
CIFAR10DVS,1,22,89.511,99.789,1.045,71.2,97.6,5.579,0.00025
CIFAR10DVS,1,23,90.489,99.811,0.913,72.5,98.0,5.569,0.00025
CIFAR10DVS,1,24,91.322,99.867,0.841,72.4,98.3,5.617,0.00025
CIFAR10DVS,1,25,92.322,99.856,0.741,71.5,97.9,6.055,0.00025
CIFAR10DVS,1,26,92.533,99.944,0.657,71.6,98.2,6.1,0.000125
CIFAR10DVS,1,27,95.411,99.967,0.375,72.7,98.0,6.151,0.000125
CIFAR10DVS,1,28,96.044,99.978,0.35,73.1,98.1,6.411,0.000125
CIFAR10DVS,1,29,96.233,99.989,0.301,72.7,98.3,6.36,0.000125
CIFAR10DVS,1,30,96.933,100.0,0.255,72.8,98.4,6.525,0.000125
CIFAR10DVS,1,31,97.156,100.0,0.219,72.3,98.4,6.846,0.000125
CIFAR10DVS,1,32,97.467,99.989,0.184,72.9,98.2,7.095,6.25e-05
CIFAR10DVS,1,33,98.078,100.0,0.132,73.4,97.8,6.744,6.25e-05
CIFAR10DVS,1,34,98.589,100.0,0.118,73.7,98.3,6.864,6.25e-05
CIFAR10DVS,1,35,98.3,99.989,0.142,73.6,98.9,7.078,6.25e-05
CIFAR10DVS,1,36,98.767,100.0,0.095,73.5,98.5,6.901,6.25e-05
CIFAR10DVS,1,37,98.789,99.989,0.093,74.3,98.3,7.007,6.25e-05
CIFAR10DVS,1,38,98.844,100.0,0.071,72.8,98.3,7.007,3.125e-05
CIFAR10DVS,1,39,99.211,100.0,0.053,73.6,98.0,7.159,3.125e-05
CIFAR10DVS,1,40,99.156,100.0,0.06,74.0,98.5,7.259,3.125e-05
CIFAR10DVS,1,41,99.222,100.0,0.053,73.1,98.4,7.245,3.125e-05
CIFAR10DVS,1,42,99.367,100.0,0.046,73.2,98.5,7.103,3.125e-05
CIFAR10DVS,1,43,99.344,100.0,0.047,74.0,98.5,7.352,3.125e-05
CIFAR10DVS,1,44,99.311,100.0,0.043,74.0,98.8,7.415,1.5625e-05
CIFAR10DVS,1,45,99.567,100.0,0.025,73.7,98.4,7.396,1.5625e-05
CIFAR10DVS,1,46,99.489,100.0,0.036,74.4,98.6,7.316,1.5625e-05
CIFAR10DVS,1,47,99.556,100.0,0.034,73.3,98.3,7.329,1.5625e-05
CIFAR10DVS,1,48,99.5,100.0,0.03,73.4,98.6,7.432,1.5625e-05
CIFAR10DVS,1,49,99.533,100.0,0.039,73.3,98.3,7.288,1.5625e-05
CIFAR10DVS,1,50,99.578,100.0,0.026,73.9,98.4,7.402,7.8125e-06
CIFAR10DVS,1,51,99.544,100.0,0.032,73.5,98.4,7.385,7.8125e-06
CIFAR10DVS,1,52,99.533,100.0,0.037,73.6,98.2,7.365,7.8125e-06
CIFAR10DVS,1,53,99.578,100.0,0.03,73.9,98.6,7.407,7.8125e-06
CIFAR10DVS,1,54,99.556,100.0,0.027,73.1,98.6,7.456,7.8125e-06
CIFAR10DVS,1,55,99.567,100.0,0.034,73.3,98.5,7.449,7.8125e-06
CIFAR10DVS,1,56,99.633,100.0,0.021,73.4,98.6,7.447,3.90625e-06
CIFAR10DVS,1,57,99.611,100.0,0.027,73.5,98.5,7.486,3.90625e-06
CIFAR10DVS,1,58,99.622,100.0,0.026,73.5,98.5,7.537,3.90625e-06
CIFAR10DVS,1,59,99.544,100.0,0.025,73.4,98.6,7.428,3.90625e-06
CIFAR10DVS,1,60,99.678,100.0,0.025,74.2,98.5,7.386,3.90625e-06
CIFAR10DVS,1,61,99.611,100.0,0.024,73.7,98.4,7.394,3.90625e-06
CIFAR10DVS,1,62,99.578,100.0,0.024,73.9,98.5,7.469,1.953125e-06
CIFAR10DVS,1,63,99.6,100.0,0.03,74.0,98.3,7.45,1.953125e-06
CIFAR10DVS,1,64,99.622,100.0,0.022,74.1,98.3,7.507,1.953125e-06
CIFAR10DVS,1,65,99.589,100.0,0.022,74.1,98.3,7.506,1.953125e-06
CIFAR10DVS,1,66,99.678,100.0,0.02,73.3,98.4,7.526,1.953125e-06
CIFAR10DVS,1,67,99.567,100.0,0.025,73.8,98.7,7.584,1.953125e-06
CIFAR10DVS,1,68,99.6,100.0,0.022,73.5,98.4,7.644,9.765625e-07
CIFAR10DVS,1,69,99.633,100.0,0.022,73.4,98.7,7.578,9.765625e-07
CIFAR10DVS,1,70,99.722,100.0,0.015,73.4,98.5,7.519,9.765625e-07
CIFAR10DVS,1,71,99.7,100.0,0.027,73.3,98.4,7.594,9.765625e-07
CIFAR10DVS,1,72,99.667,100.0,0.021,73.8,98.3,7.59,9.765625e-07
CIFAR10DVS,1,73,99.744,100.0,0.02,73.7,98.5,7.565,9.765625e-07
CIFAR10DVS,1,74,99.7,100.0,0.021,73.7,98.4,7.538,4.8828125e-07
CIFAR10DVS,1,75,99.622,100.0,0.018,73.2,98.3,7.548,4.8828125e-07
CIFAR10DVS,1,76,99.711,100.0,0.019,73.0,98.3,7.581,4.8828125e-07
CIFAR10DVS,1,77,99.644,100.0,0.016,74.0,98.4,7.515,4.8828125e-07
CIFAR10DVS,1,78,99.667,100.0,0.021,73.7,98.4,7.541,4.8828125e-07
CIFAR10DVS,1,79,99.689,100.0,0.02,73.6,98.3,7.608,4.8828125e-07
CIFAR10DVS,1,80,99.7,100.0,0.018,73.7,98.3,7.556,2.44140625e-07
CIFAR10DVS,1,81,99.711,100.0,0.017,73.3,98.5,7.582,2.44140625e-07
CIFAR10DVS,1,82,99.678,100.0,0.023,73.3,98.3,7.539,2.44140625e-07
CIFAR10DVS,1,83,99.644,100.0,0.028,73.4,98.5,7.58,2.44140625e-07
CIFAR10DVS,1,84,99.711,100.0,0.018,73.4,98.6,7.557,2.44140625e-07
CIFAR10DVS,1,85,99.756,100.0,0.018,73.4,98.6,7.53,2.44140625e-07
CIFAR10DVS,1,86,99.711,100.0,0.022,73.4,98.7,7.548,1.220703125e-07
CIFAR10DVS,1,87,99.7,100.0,0.018,73.5,98.6,7.536,1.220703125e-07
CIFAR10DVS,1,88,99.733,100.0,0.018,73.6,98.7,7.512,1.220703125e-07
CIFAR10DVS,1,89,99.644,100.0,0.026,73.4,98.4,7.556,1.220703125e-07
CIFAR10DVS,1,90,99.611,100.0,0.023,73.3,98.5,7.531,1.220703125e-07
CIFAR10DVS,1,91,99.822,100.0,0.015,73.6,98.6,7.561,1.220703125e-07
CIFAR10DVS,1,92,99.678,100.0,0.026,73.1,98.6,7.541,6.103515625e-08
CIFAR10DVS,1,93,99.622,100.0,0.022,73.3,98.4,7.548,6.103515625e-08
CIFAR10DVS,1,94,99.722,100.0,0.015,73.3,98.5,7.553,6.103515625e-08
CIFAR10DVS,1,95,99.667,100.0,0.02,73.2,98.4,7.574,6.103515625e-08
CIFAR10DVS,1,96,99.689,100.0,0.022,73.4,98.5,7.555,6.103515625e-08
CIFAR10DVS,1,97,99.722,100.0,0.016,72.9,98.4,7.541,6.103515625e-08
CIFAR10DVS,1,98,99.722,100.0,0.02,73.2,98.5,7.558,3.0517578125e-08
CIFAR10DVS,1,99,99.644,100.0,0.022,73.3,98.6,7.558,3.0517578125e-08
CIFAR10DVS,1,100,99.756,100.0,0.015,73.4,98.7,7.532,3.0517578125e-08
CIFAR10DVS,1,101,99.711,100.0,0.021,73.2,98.5,7.543,3.0517578125e-08
CIFAR10DVS,1,102,99.667,100.0,0.021,73.2,98.7,7.541,3.0517578125e-08
CIFAR10DVS,1,103,99.7,100.0,0.02,73.4,98.4,7.508,3.0517578125e-08
CIFAR10DVS,1,104,99.744,100.0,0.012,73.4,98.6,7.534,1.52587890625e-08
CIFAR10DVS,1,105,99.7,100.0,0.021,73.4,98.3,7.553,1.52587890625e-08
CIFAR10DVS,1,106,99.6,100.0,0.025,73.4,98.5,7.555,1.52587890625e-08
CIFAR10DVS,1,107,99.689,100.0,0.016,73.7,98.3,7.546,1.52587890625e-08
CIFAR10DVS,1,108,99.722,100.0,0.018,73.3,98.5,7.548,1.52587890625e-08
CIFAR10DVS,1,109,99.767,100.0,0.015,73.5,98.3,7.557,1.52587890625e-08
CIFAR10DVS,1,110,99.722,100.0,0.014,73.2,98.3,7.572,1.52587890625e-08
CIFAR10DVS,1,111,99.611,100.0,0.022,73.3,98.3,7.554,1.52587890625e-08
CIFAR10DVS,1,112,99.711,100.0,0.022,73.2,98.2,7.551,1.52587890625e-08
CIFAR10DVS,1,113,99.667,100.0,0.025,73.5,98.7,7.537,1.52587890625e-08
CIFAR10DVS,1,114,99.722,100.0,0.02,73.4,98.8,7.52,1.52587890625e-08
CIFAR10DVS,1,115,99.7,100.0,0.017,73.4,98.5,7.52,1.52587890625e-08
CIFAR10DVS,1,116,99.733,100.0,0.023,73.4,98.4,7.534,1.52587890625e-08
CIFAR10DVS,1,117,99.722,100.0,0.02,73.5,98.4,7.53,1.52587890625e-08
CIFAR10DVS,1,118,99.767,100.0,0.016,73.5,98.4,7.561,1.52587890625e-08
CIFAR10DVS,1,119,99.711,100.0,0.018,73.5,98.4,7.532,1.52587890625e-08
CIFAR10DVS,1,120,99.689,100.0,0.021,73.4,98.5,7.53,1.52587890625e-08
CIFAR10DVS,1,121,99.678,100.0,0.02,73.6,98.4,7.542,1.52587890625e-08
CIFAR10DVS,1,122,99.689,100.0,0.02,73.7,98.4,7.535,1.52587890625e-08
CIFAR10DVS,1,123,99.689,100.0,0.015,73.4,98.4,7.537,1.52587890625e-08
CIFAR10DVS,1,124,99.7,100.0,0.02,73.4,98.5,7.563,1.52587890625e-08
CIFAR10DVS,1,125,99.711,100.0,0.016,73.5,98.3,7.54,1.52587890625e-08
CIFAR10DVS,1,126,99.778,100.0,0.019,73.2,98.5,7.527,1.52587890625e-08
CIFAR10DVS,1,127,99.722,100.0,0.025,73.4,98.6,7.525,1.52587890625e-08
CIFAR10DVS,1,128,99.8,100.0,0.014,73.1,98.6,7.549,1.52587890625e-08
CIFAR10DVS,1,129,99.722,100.0,0.017,73.2,98.4,7.536,1.52587890625e-08
CIFAR10DVS,1,130,99.711,100.0,0.019,73.2,98.3,7.579,1.52587890625e-08
CIFAR10DVS,1,131,99.622,100.0,0.028,73.4,98.3,7.543,1.52587890625e-08
CIFAR10DVS,1,132,99.644,100.0,0.026,73.8,98.5,7.509,1.52587890625e-08
CIFAR10DVS,1,133,99.633,100.0,0.023,73.2,98.3,7.573,1.52587890625e-08
CIFAR10DVS,1,134,99.778,100.0,0.021,73.1,98.5,7.577,1.52587890625e-08
CIFAR10DVS,1,135,99.633,100.0,0.022,73.3,98.5,7.551,1.52587890625e-08
CIFAR10DVS,1,136,99.644,100.0,0.026,73.3,98.5,7.536,1.52587890625e-08
CIFAR10DVS,1,137,99.822,100.0,0.013,73.2,98.6,7.559,1.52587890625e-08
CIFAR10DVS,1,138,99.678,100.0,0.022,73.1,98.6,7.566,1.52587890625e-08
CIFAR10DVS,1,139,99.667,99.989,0.018,73.2,98.5,7.552,1.52587890625e-08
CIFAR10DVS,1,140,99.667,100.0,0.02,73.6,98.5,7.569,1.52587890625e-08
CIFAR10DVS,1,141,99.667,100.0,0.02,73.5,98.5,7.544,1.52587890625e-08
CIFAR10DVS,1,142,99.667,100.0,0.024,73.2,98.7,7.564,1.52587890625e-08
CIFAR10DVS,1,143,99.611,100.0,0.031,73.1,98.5,7.559,1.52587890625e-08
CIFAR10DVS,1,144,99.678,100.0,0.019,73.3,98.6,7.531,1.52587890625e-08
CIFAR10DVS,1,145,99.611,100.0,0.023,73.5,98.5,7.536,1.52587890625e-08
CIFAR10DVS,1,146,99.744,100.0,0.019,73.4,98.5,7.525,1.52587890625e-08
CIFAR10DVS,1,147,99.656,100.0,0.03,73.6,98.4,7.584,1.52587890625e-08
CIFAR10DVS,1,148,99.711,100.0,0.018,73.6,98.3,7.542,1.52587890625e-08
CIFAR10DVS,1,149,99.711,100.0,0.02,73.5,98.3,7.545,1.52587890625e-08
CIFAR10DVS,1,150,99.622,100.0,0.024,73.5,98.4,7.564,1.52587890625e-08
CIFAR10DVS,1,151,99.744,100.0,0.019,73.5,98.7,7.546,1.52587890625e-08
CIFAR10DVS,1,152,99.722,100.0,0.015,73.4,98.4,7.57,1.52587890625e-08
CIFAR10DVS,1,153,99.567,100.0,0.029,73.7,98.4,7.563,1.52587890625e-08
CIFAR10DVS,1,154,99.6,100.0,0.025,73.1,98.2,7.545,1.52587890625e-08
CIFAR10DVS,1,155,99.656,100.0,0.024,73.3,98.3,7.547,1.52587890625e-08
CIFAR10DVS,1,156,99.7,100.0,0.025,73.2,98.5,7.564,1.52587890625e-08
CIFAR10DVS,1,157,99.689,100.0,0.021,73.3,98.5,7.541,1.52587890625e-08
CIFAR10DVS,1,158,99.744,100.0,0.015,73.2,98.4,7.574,1.52587890625e-08
CIFAR10DVS,1,159,99.589,100.0,0.023,73.4,98.6,7.545,1.52587890625e-08
CIFAR10DVS,1,160,99.667,100.0,0.021,73.1,98.3,7.532,1.52587890625e-08
CIFAR10DVS,1,161,99.667,100.0,0.016,73.4,98.6,7.525,1.52587890625e-08
CIFAR10DVS,1,162,99.667,100.0,0.024,73.7,98.5,7.519,1.52587890625e-08
CIFAR10DVS,1,163,99.744,100.0,0.013,73.2,98.4,7.544,1.52587890625e-08
CIFAR10DVS,1,164,99.656,100.0,0.022,73.2,98.5,7.534,1.52587890625e-08
CIFAR10DVS,1,165,99.7,100.0,0.021,73.5,98.4,7.519,1.52587890625e-08
CIFAR10DVS,1,166,99.756,100.0,0.02,73.2,98.2,7.558,1.52587890625e-08
CIFAR10DVS,1,167,99.6,100.0,0.03,73.5,98.4,7.549,1.52587890625e-08
CIFAR10DVS,1,168,99.689,100.0,0.018,73.2,98.5,7.551,1.52587890625e-08
CIFAR10DVS,1,169,99.7,100.0,0.022,73.3,98.5,7.533,1.52587890625e-08
CIFAR10DVS,1,170,99.689,100.0,0.017,73.3,98.4,7.531,1.52587890625e-08
CIFAR10DVS,1,171,99.656,100.0,0.019,73.3,98.1,7.537,1.52587890625e-08
CIFAR10DVS,1,172,99.722,100.0,0.02,73.8,98.5,7.525,1.52587890625e-08
CIFAR10DVS,1,173,99.789,100.0,0.015,73.5,98.3,7.532,1.52587890625e-08
CIFAR10DVS,1,174,99.744,100.0,0.012,73.6,98.6,7.557,1.52587890625e-08
CIFAR10DVS,1,175,99.778,100.0,0.016,73.5,98.6,7.554,1.52587890625e-08
CIFAR10DVS,1,176,99.633,100.0,0.023,73.6,98.5,7.554,1.52587890625e-08
CIFAR10DVS,1,177,99.622,100.0,0.023,73.3,98.6,7.586,1.52587890625e-08
CIFAR10DVS,1,178,99.667,100.0,0.018,73.3,98.6,7.551,1.52587890625e-08
CIFAR10DVS,1,179,99.667,100.0,0.019,73.2,98.5,7.564,1.52587890625e-08
CIFAR10DVS,1,180,99.556,100.0,0.022,73.4,98.6,7.554,1.52587890625e-08
CIFAR10DVS,1,181,99.689,100.0,0.02,73.5,98.3,7.566,1.52587890625e-08
CIFAR10DVS,1,182,99.733,100.0,0.018,73.5,98.6,7.527,1.52587890625e-08
CIFAR10DVS,1,183,99.644,100.0,0.022,73.2,98.6,7.534,1.52587890625e-08
CIFAR10DVS,1,184,99.678,100.0,0.023,72.8,98.4,7.536,1.52587890625e-08
CIFAR10DVS,1,185,99.678,100.0,0.015,73.0,98.8,7.535,1.52587890625e-08
CIFAR10DVS,1,186,99.644,100.0,0.024,73.3,98.3,7.528,1.52587890625e-08
CIFAR10DVS,1,187,99.722,100.0,0.026,73.3,98.3,7.555,1.52587890625e-08
CIFAR10DVS,1,188,99.689,100.0,0.023,73.6,98.4,7.532,1.52587890625e-08
CIFAR10DVS,1,189,99.667,100.0,0.021,73.3,98.4,7.541,1.52587890625e-08
CIFAR10DVS,1,190,99.689,100.0,0.021,73.0,98.6,7.531,1.52587890625e-08
CIFAR10DVS,1,191,99.7,100.0,0.02,73.3,98.6,7.524,1.52587890625e-08
CIFAR10DVS,1,192,99.622,100.0,0.022,72.6,98.4,7.524,1.52587890625e-08
CIFAR10DVS,1,193,99.644,100.0,0.021,73.0,98.4,7.53,1.52587890625e-08
CIFAR10DVS,1,194,99.7,100.0,0.02,73.4,98.6,7.538,1.52587890625e-08
CIFAR10DVS,1,195,99.7,100.0,0.016,73.3,98.6,7.507,1.52587890625e-08
CIFAR10DVS,1,196,99.578,100.0,0.032,73.6,98.6,7.515,1.52587890625e-08
CIFAR10DVS,1,197,99.756,100.0,0.014,73.5,98.5,7.55,1.52587890625e-08
CIFAR10DVS,1,198,99.644,100.0,0.028,73.3,98.5,7.558,1.52587890625e-08
CIFAR10DVS,1,199,99.678,100.0,0.023,73.2,98.4,7.539,1.52587890625e-08
CIFAR10DVS,1,200,99.578,100.0,0.023,73.5,98.7,7.57,1.52587890625e-08
